[{"pk": 1, "model": "site.treeinfo", "fields": {"url": "https://hg.mozilla.org/mozilla-central/pushloghtml", "name": "mozilla-central"}}, {"pk": 2, "model": "site.treeinfo", "fields": {"url": "https://hg.mozilla.org/integration/mozilla-inbound/pushloghtml", "name": "mozilla-inbound"}}, {"pk": 1, "model": "site.platform", "fields": {"name": "ubuntu64"}}, {"pk": 2, "model": "site.platform", "fields": {"name": "Win32"}}, {"pk": 3, "model": "site.platform", "fields": {"name": "Win64"}}, {"pk": 4, "model": "site.platform", "fields": {"name": "B2G ARM"}}, {"pk": 1, "model": "site.taskmaster", "fields": {"good": "123123", "platform": 1, "tree": 1, "cancelled": false, "bad": "123123", "test": ""}}, {"pk": 1, "model": "site.pushlog", "fields": {"branch_name": "Mozilla-Inbound", "push_id": "28919"}}, {"pk": 2, "model": "site.pushlog", "fields": {"branch_name": "Mozilla-Inbound", "push_id": "28918"}}, {"pk": 3, "model": "site.pushlog", "fields": {"branch_name": "Mozilla-Inbound", "push_id": "28915"}}, {"pk": 4, "model": "site.pushlog", "fields": {"branch_name": "Mozilla-Inbound", "push_id": "28914"}}, {"pk": 5, "model": "site.pushlog", "fields": {"branch_name": "Mozilla-Inbound", "push_id": "28917"}}, {"pk": 6, "model": "site.pushlog", "fields": {"branch_name": "Mozilla-Inbound", "push_id": "28916"}}, {"pk": 7, "model": "site.pushlog", "fields": {"branch_name": "Mozilla-Inbound", "push_id": "28911"}}, {"pk": 8, "model": "site.pushlog", "fields": {"branch_name": "Mozilla-Inbound", "push_id": "28910"}}, {"pk": 9, "model": "site.pushlog", "fields": {"branch_name": "Mozilla-Inbound", "push_id": "28913"}}, {"pk": 10, "model": "site.pushlog", "fields": {"branch_name": "Mozilla-Inbound", "push_id": "28912"}}, {"pk": 11, "model": "site.pushlog", "fields": {"branch_name": "Mozilla-Inbound", "push_id": "28924"}}, {"pk": 12, "model": "site.pushlog", "fields": {"branch_name": "Mozilla-Inbound", "push_id": "28925"}}, {"pk": 13, "model": "site.pushlog", "fields": {"branch_name": "Mozilla-Inbound", "push_id": "28926"}}, {"pk": 14, "model": "site.pushlog", "fields": {"branch_name": "Mozilla-Inbound", "push_id": "28920"}}, {"pk": 15, "model": "site.pushlog", "fields": {"branch_name": "Mozilla-Inbound", "push_id": "28921"}}, {"pk": 16, "model": "site.pushlog", "fields": {"branch_name": "Mozilla-Inbound", "push_id": "28889"}}, {"pk": 17, "model": "site.pushlog", "fields": {"branch_name": "Mozilla-Inbound", "push_id": "28888"}}, {"pk": 18, "model": "site.pushlog", "fields": {"branch_name": "Mozilla-Inbound", "push_id": "28887"}}, {"pk": 19, "model": "site.pushlog", "fields": {"branch_name": "Mozilla-Inbound", "push_id": "28886"}}, {"pk": 20, "model": "site.pushlog", "fields": {"branch_name": "Mozilla-Inbound", "push_id": "28885"}}, {"pk": 21, "model": "site.pushlog", "fields": {"branch_name": "Mozilla-Inbound", "push_id": "28884"}}, {"pk": 22, "model": "site.pushlog", "fields": {"branch_name": "Mozilla-Inbound", "push_id": "28883"}}, {"pk": 23, "model": "site.pushlog", "fields": {"branch_name": "Mozilla-Inbound", "push_id": "28882"}}, {"pk": 24, "model": "site.pushlog", "fields": {"branch_name": "Mozilla-Inbound", "push_id": "28881"}}, {"pk": 25, "model": "site.pushlog", "fields": {"branch_name": "Mozilla-Inbound", "push_id": "28923"}}, {"pk": 26, "model": "site.pushlog", "fields": {"branch_name": "Mozilla-Inbound", "push_id": "28922"}}, {"pk": 27, "model": "site.pushlog", "fields": {"branch_name": "Mozilla-Inbound", "push_id": "28908"}}, {"pk": 28, "model": "site.pushlog", "fields": {"branch_name": "Mozilla-Inbound", "push_id": "28909"}}, {"pk": 29, "model": "site.pushlog", "fields": {"branch_name": "Mozilla-Inbound", "push_id": "28906"}}, {"pk": 30, "model": "site.pushlog", "fields": {"branch_name": "Mozilla-Inbound", "push_id": "28907"}}, {"pk": 31, "model": "site.pushlog", "fields": {"branch_name": "Mozilla-Inbound", "push_id": "28904"}}, {"pk": 32, "model": "site.pushlog", "fields": {"branch_name": "Mozilla-Inbound", "push_id": "28905"}}, {"pk": 33, "model": "site.pushlog", "fields": {"branch_name": "Mozilla-Inbound", "push_id": "28902"}}, {"pk": 34, "model": "site.pushlog", "fields": {"branch_name": "Mozilla-Inbound", "push_id": "28903"}}, {"pk": 35, "model": "site.pushlog", "fields": {"branch_name": "Mozilla-Inbound", "push_id": "28900"}}, {"pk": 36, "model": "site.pushlog", "fields": {"branch_name": "Mozilla-Inbound", "push_id": "28901"}}, {"pk": 37, "model": "site.pushlog", "fields": {"branch_name": "Mozilla-Inbound", "push_id": "28898"}}, {"pk": 38, "model": "site.pushlog", "fields": {"branch_name": "Mozilla-Inbound", "push_id": "28899"}}, {"pk": 39, "model": "site.pushlog", "fields": {"branch_name": "Mozilla-Inbound", "push_id": "28890"}}, {"pk": 40, "model": "site.pushlog", "fields": {"branch_name": "Mozilla-Inbound", "push_id": "28891"}}, {"pk": 41, "model": "site.pushlog", "fields": {"branch_name": "Mozilla-Inbound", "push_id": "28892"}}, {"pk": 42, "model": "site.pushlog", "fields": {"branch_name": "Mozilla-Inbound", "push_id": "28893"}}, {"pk": 43, "model": "site.pushlog", "fields": {"branch_name": "Mozilla-Inbound", "push_id": "28894"}}, {"pk": 44, "model": "site.pushlog", "fields": {"branch_name": "Mozilla-Inbound", "push_id": "28895"}}, {"pk": 45, "model": "site.pushlog", "fields": {"branch_name": "Mozilla-Inbound", "push_id": "28896"}}, {"pk": 46, "model": "site.pushlog", "fields": {"branch_name": "Mozilla-Inbound", "push_id": "28897"}}, {"pk": 1, "model": "site.revisions", "fields": {"pushlog": 1, "revisions": "cc8d612ac461"}}, {"pk": 2, "model": "site.revisions", "fields": {"pushlog": 2, "revisions": "08a29f18500a"}}, {"pk": 3, "model": "site.revisions", "fields": {"pushlog": 2, "revisions": "d4a39e18e5a7"}}, {"pk": 4, "model": "site.revisions", "fields": {"pushlog": 2, "revisions": "803586f0a297"}}, {"pk": 5, "model": "site.revisions", "fields": {"pushlog": 3, "revisions": "7e1ed1bb112a"}}, {"pk": 6, "model": "site.revisions", "fields": {"pushlog": 4, "revisions": "d82d28dfcc73"}}, {"pk": 7, "model": "site.revisions", "fields": {"pushlog": 5, "revisions": "0692ed4ff443"}}, {"pk": 8, "model": "site.revisions", "fields": {"pushlog": 6, "revisions": "720f1ff081fb"}}, {"pk": 9, "model": "site.revisions", "fields": {"pushlog": 7, "revisions": "11dcc05b46a0"}}, {"pk": 10, "model": "site.revisions", "fields": {"pushlog": 8, "revisions": "0d327854300c"}}, {"pk": 11, "model": "site.revisions", "fields": {"pushlog": 8, "revisions": "8473deb5fba9"}}, {"pk": 12, "model": "site.revisions", "fields": {"pushlog": 9, "revisions": "3a1e8e7ac07e"}}, {"pk": 13, "model": "site.revisions", "fields": {"pushlog": 10, "revisions": "0bf1e71fe3cc"}}, {"pk": 14, "model": "site.revisions", "fields": {"pushlog": 11, "revisions": "65c09310a0b3"}}, {"pk": 15, "model": "site.revisions", "fields": {"pushlog": 12, "revisions": "78c0e2d241ff"}}, {"pk": 16, "model": "site.revisions", "fields": {"pushlog": 13, "revisions": "1ca1abed8c9a"}}, {"pk": 17, "model": "site.revisions", "fields": {"pushlog": 14, "revisions": "bd6a9518088c"}}, {"pk": 18, "model": "site.revisions", "fields": {"pushlog": 15, "revisions": "2dd5420680af"}}, {"pk": 19, "model": "site.revisions", "fields": {"pushlog": 16, "revisions": "a39bfa9950bd"}}, {"pk": 20, "model": "site.revisions", "fields": {"pushlog": 17, "revisions": "c5483b4f99fc"}}, {"pk": 21, "model": "site.revisions", "fields": {"pushlog": 18, "revisions": "8c37f4a3e488"}}, {"pk": 22, "model": "site.revisions", "fields": {"pushlog": 19, "revisions": "aeed1b7af376"}}, {"pk": 23, "model": "site.revisions", "fields": {"pushlog": 20, "revisions": "f6dd01782159"}}, {"pk": 24, "model": "site.revisions", "fields": {"pushlog": 21, "revisions": "fdee5282b291"}}, {"pk": 25, "model": "site.revisions", "fields": {"pushlog": 22, "revisions": "3025f175e2f1"}}, {"pk": 26, "model": "site.revisions", "fields": {"pushlog": 23, "revisions": "5a21e83107b0"}}, {"pk": 27, "model": "site.revisions", "fields": {"pushlog": 24, "revisions": "5103d37775ce"}}, {"pk": 28, "model": "site.revisions", "fields": {"pushlog": 25, "revisions": "b11bffd58de9"}}, {"pk": 29, "model": "site.revisions", "fields": {"pushlog": 26, "revisions": "a2de97d3a53f"}}, {"pk": 30, "model": "site.revisions", "fields": {"pushlog": 27, "revisions": "194d9ece508a"}}, {"pk": 31, "model": "site.revisions", "fields": {"pushlog": 28, "revisions": "99642951e827"}}, {"pk": 32, "model": "site.revisions", "fields": {"pushlog": 29, "revisions": "ce3ac61c379c"}}, {"pk": 33, "model": "site.revisions", "fields": {"pushlog": 30, "revisions": "1797dc46e862"}}, {"pk": 34, "model": "site.revisions", "fields": {"pushlog": 30, "revisions": "4fd2ae88da98"}}, {"pk": 35, "model": "site.revisions", "fields": {"pushlog": 30, "revisions": "d3106edd4a5a"}}, {"pk": 36, "model": "site.revisions", "fields": {"pushlog": 30, "revisions": "c3b5567f1271"}}, {"pk": 37, "model": "site.revisions", "fields": {"pushlog": 30, "revisions": "80455a25276b"}}, {"pk": 38, "model": "site.revisions", "fields": {"pushlog": 30, "revisions": "8904d2bf5da0"}}, {"pk": 39, "model": "site.revisions", "fields": {"pushlog": 31, "revisions": "de6d5b87d6b7"}}, {"pk": 40, "model": "site.revisions", "fields": {"pushlog": 31, "revisions": "fd02958ae436"}}, {"pk": 41, "model": "site.revisions", "fields": {"pushlog": 31, "revisions": "7f70a88cba03"}}, {"pk": 42, "model": "site.revisions", "fields": {"pushlog": 32, "revisions": "603891a7c4b1"}}, {"pk": 43, "model": "site.revisions", "fields": {"pushlog": 32, "revisions": "df933307c25d"}}, {"pk": 44, "model": "site.revisions", "fields": {"pushlog": 32, "revisions": "734e6d9d72f8"}}, {"pk": 45, "model": "site.revisions", "fields": {"pushlog": 32, "revisions": "a2d4ffa8ef69"}}, {"pk": 46, "model": "site.revisions", "fields": {"pushlog": 32, "revisions": "4b53a4d649ff"}}, {"pk": 47, "model": "site.revisions", "fields": {"pushlog": 32, "revisions": "9ea387039369"}}, {"pk": 48, "model": "site.revisions", "fields": {"pushlog": 32, "revisions": "6c6eec202bf4"}}, {"pk": 49, "model": "site.revisions", "fields": {"pushlog": 32, "revisions": "1c0a49bbb666"}}, {"pk": 50, "model": "site.revisions", "fields": {"pushlog": 32, "revisions": "02711e28fc7c"}}, {"pk": 51, "model": "site.revisions", "fields": {"pushlog": 32, "revisions": "f2d4762e07f9"}}, {"pk": 52, "model": "site.revisions", "fields": {"pushlog": 32, "revisions": "6e0a3783458b"}}, {"pk": 53, "model": "site.revisions", "fields": {"pushlog": 32, "revisions": "118a6876b202"}}, {"pk": 54, "model": "site.revisions", "fields": {"pushlog": 32, "revisions": "0965dae1c283"}}, {"pk": 55, "model": "site.revisions", "fields": {"pushlog": 32, "revisions": "ca22a8f84a42"}}, {"pk": 56, "model": "site.revisions", "fields": {"pushlog": 32, "revisions": "b519b2af56a0"}}, {"pk": 57, "model": "site.revisions", "fields": {"pushlog": 32, "revisions": "8f293286c7f6"}}, {"pk": 58, "model": "site.revisions", "fields": {"pushlog": 32, "revisions": "e6d4f6af9cb7"}}, {"pk": 59, "model": "site.revisions", "fields": {"pushlog": 32, "revisions": "f3536ccef114"}}, {"pk": 60, "model": "site.revisions", "fields": {"pushlog": 32, "revisions": "a4a9e95ef22a"}}, {"pk": 61, "model": "site.revisions", "fields": {"pushlog": 32, "revisions": "41fbfc8a1d29"}}, {"pk": 62, "model": "site.revisions", "fields": {"pushlog": 32, "revisions": "93044ea22c6d"}}, {"pk": 63, "model": "site.revisions", "fields": {"pushlog": 32, "revisions": "6eac1d687575"}}, {"pk": 64, "model": "site.revisions", "fields": {"pushlog": 32, "revisions": "bfae538a757d"}}, {"pk": 65, "model": "site.revisions", "fields": {"pushlog": 32, "revisions": "8792c49874b8"}}, {"pk": 66, "model": "site.revisions", "fields": {"pushlog": 32, "revisions": "894b6689bc49"}}, {"pk": 67, "model": "site.revisions", "fields": {"pushlog": 32, "revisions": "3b829f471a63"}}, {"pk": 68, "model": "site.revisions", "fields": {"pushlog": 32, "revisions": "850e5446d4a6"}}, {"pk": 69, "model": "site.revisions", "fields": {"pushlog": 32, "revisions": "40bea9a5a19e"}}, {"pk": 70, "model": "site.revisions", "fields": {"pushlog": 32, "revisions": "81b59ee890a7"}}, {"pk": 71, "model": "site.revisions", "fields": {"pushlog": 32, "revisions": "1ee64bcc673c"}}, {"pk": 72, "model": "site.revisions", "fields": {"pushlog": 32, "revisions": "a3fcf6de6388"}}, {"pk": 73, "model": "site.revisions", "fields": {"pushlog": 32, "revisions": "457c9f9544bd"}}, {"pk": 74, "model": "site.revisions", "fields": {"pushlog": 32, "revisions": "5b571c577bdc"}}, {"pk": 75, "model": "site.revisions", "fields": {"pushlog": 32, "revisions": "f8a0aa9350c9"}}, {"pk": 76, "model": "site.revisions", "fields": {"pushlog": 32, "revisions": "8b1bfcf0ce6e"}}, {"pk": 77, "model": "site.revisions", "fields": {"pushlog": 32, "revisions": "d2eabe8e27b5"}}, {"pk": 78, "model": "site.revisions", "fields": {"pushlog": 33, "revisions": "d8cfe163b77d"}}, {"pk": 79, "model": "site.revisions", "fields": {"pushlog": 34, "revisions": "452238270a68"}}, {"pk": 80, "model": "site.revisions", "fields": {"pushlog": 35, "revisions": "bb0aad61db4f"}}, {"pk": 81, "model": "site.revisions", "fields": {"pushlog": 36, "revisions": "92b8261c3f6e"}}, {"pk": 82, "model": "site.revisions", "fields": {"pushlog": 37, "revisions": "8b8cd5ba2a1e"}}, {"pk": 83, "model": "site.revisions", "fields": {"pushlog": 37, "revisions": "a4523b6a2e5f"}}, {"pk": 84, "model": "site.revisions", "fields": {"pushlog": 37, "revisions": "0f19c792705d"}}, {"pk": 85, "model": "site.revisions", "fields": {"pushlog": 38, "revisions": "2ff8cbefdf10"}}, {"pk": 86, "model": "site.revisions", "fields": {"pushlog": 39, "revisions": "189b50c8abdf"}}, {"pk": 87, "model": "site.revisions", "fields": {"pushlog": 39, "revisions": "87542077c82c"}}, {"pk": 88, "model": "site.revisions", "fields": {"pushlog": 39, "revisions": "6fc06b7fa44d"}}, {"pk": 89, "model": "site.revisions", "fields": {"pushlog": 40, "revisions": "6bff277e306c"}}, {"pk": 90, "model": "site.revisions", "fields": {"pushlog": 40, "revisions": "3c95dfb83024"}}, {"pk": 91, "model": "site.revisions", "fields": {"pushlog": 40, "revisions": "c07231373d6b"}}, {"pk": 92, "model": "site.revisions", "fields": {"pushlog": 40, "revisions": "6c263ecf2beb"}}, {"pk": 93, "model": "site.revisions", "fields": {"pushlog": 41, "revisions": "742dbd5e76fe"}}, {"pk": 94, "model": "site.revisions", "fields": {"pushlog": 42, "revisions": "aca1f06739e5"}}, {"pk": 95, "model": "site.revisions", "fields": {"pushlog": 42, "revisions": "ed0935b6ec1a"}}, {"pk": 96, "model": "site.revisions", "fields": {"pushlog": 42, "revisions": "55a08c564f74"}}, {"pk": 97, "model": "site.revisions", "fields": {"pushlog": 42, "revisions": "441c3f37b7b6"}}, {"pk": 98, "model": "site.revisions", "fields": {"pushlog": 43, "revisions": "70cf9c347db6"}}, {"pk": 99, "model": "site.revisions", "fields": {"pushlog": 44, "revisions": "1fbdc5adccbe"}}, {"pk": 100, "model": "site.revisions", "fields": {"pushlog": 44, "revisions": "f0fb17e872ea"}}, {"pk": 101, "model": "site.revisions", "fields": {"pushlog": 44, "revisions": "f3591c9f16fd"}}, {"pk": 102, "model": "site.revisions", "fields": {"pushlog": 44, "revisions": "a8cd81a2186b"}}, {"pk": 103, "model": "site.revisions", "fields": {"pushlog": 44, "revisions": "65f9092f767f"}}, {"pk": 104, "model": "site.revisions", "fields": {"pushlog": 45, "revisions": "f65c0c7ee67d"}}, {"pk": 105, "model": "site.revisions", "fields": {"pushlog": 46, "revisions": "a18e65a667e1"}}]